{"cameraMode":{"drawMode":0,"name":"Shaded","section":"Shading Mode"},"sceneLighting":false,"audioPlay":false,"sceneViewState":{"m_AlwaysRefresh":false,"showFog":true,"showSkybox":true,"showFlares":true,"showImageEffects":true,"showParticleSystems":true,"showVisualEffectGraphs":true,"m_FxEnabled":true},"in2DMode":false,"pivot":{"x":923.50537109375,"y":544.0347900390625,"z":25.22125244140625},"rotation":{"x":-0.06385702639818192,"y":0.003294321708381176,"z":0.0002158917486667633,"w":0.9979592561721802},"size":390.5162658691406,"orthographic":true}